{
	"format_version": "1.8.0",
	"animations": {
		"idle": {
			"loop": true,
			"animation_length": 4,
			"bones": {
				"body": {
					"rotation": {
						"0.0": {
							"vector": [-5, 0, 0]
						},
						"0.7917": {
							"vector": [-12.54624, 4.88119, -1.08482]
						},
						"1.5833": {
							"vector": [-15.14211, -11.94864, 0.88423]
						},
						"1.9583": {
							"vector": [-5.3191, -19.92066, 1.81693]
						},
						"2.375": {
							"vector": [-8.53809, 7.82016, -2.14211]
						},
						"2.9167": {
							"vector": [-12.68664, 9.76061, -2.18558]
						},
						"4.0": {
							"vector": [-5, 0, 0]
						}
					},
					"position": {
						"vector": [0, 0, 1]
					}
				},
				"LeftArm": {
					"rotation": {
						"0.0": {
							"vector": [-108.84359, 21.40584, -7.09999]
						},
						"0.3333": {
							"vector": [-115.35213, 12.83327, -28.90517]
						},
						"0.7083": {
							"vector": [-112.19642, 17.89117, -17.04439]
						},
						"1.0": {
							"vector": [-108.84359, 21.40584, -7.09999]
						},
						"1.5833": {
							"vector": [-115.35213, 12.83327, -28.90517]
						},
						"1.9583": {
							"vector": [-112.19642, 17.89117, -17.04439]
						},
						"2.25": {
							"vector": [-108.84359, 21.40584, -7.09999]
						},
						"2.75": {
							"vector": [-115.35213, 12.83327, -28.90517]
						},
						"3.125": {
							"vector": [-112.19642, 17.89117, -17.04439]
						},
						"3.5833": {
							"vector": [-108.84359, 21.40584, -7.09999]
						},
						"4.0": {
							"vector": [-108.84359, 21.40584, -7.09999]
						}
					},
					"position": {
						"0.0": {
							"vector": [0, 0, 0]
						},
						"0.3333": {
							"vector": [0, 1, 0]
						},
						"0.7083": {
							"vector": [0, 0, 0]
						},
						"1.0": {
							"vector": [0, 0, 0]
						},
						"1.5833": {
							"vector": [0, 1, 0]
						},
						"1.9583": {
							"vector": [0, 0, 0]
						},
						"2.25": {
							"vector": [0, 0, 0]
						},
						"2.75": {
							"vector": [0, 1, 0]
						},
						"3.125": {
							"vector": [0, 0, 0]
						},
						"3.5833": {
							"vector": [0, 0, 0]
						},
						"4.0": {
							"vector": [0, 0, 0]
						}
					}
				},
				"RightArm": {
					"rotation": {
						"0.0": {
							"vector": [-109.18246, -23.7695, -6.21793]
						},
						"0.3333": {
							"vector": [-101.58531, -37.14785, -14.54331]
						},
						"0.7083": {
							"vector": [-109.36749, -29.38246, -11.65994]
						},
						"1.0": {
							"vector": [-108.84359, -21.40584, -7.09999]
						},
						"1.5833": {
							"vector": [-95.77226, -25.27496, -27.62587]
						},
						"1.9583": {
							"vector": [-101.21064, -25.9295, -16.01526]
						},
						"2.25": {
							"vector": [-108.84359, -21.40584, -7.09999]
						},
						"2.75": {
							"vector": [-95.89912, -27.76201, -27.34182]
						},
						"3.125": {
							"vector": [-105.46672, -25.1337, -14.94819]
						},
						"3.5833": {
							"vector": [-108.84359, -21.40584, -7.09999]
						},
						"4.0": {
							"vector": [-109.18246, -23.7695, -6.21793]
						}
					},
					"position": {
						"0.0": {
							"vector": [0, 0, 0]
						},
						"0.3333": {
							"vector": [0, 1, 0]
						},
						"0.7083": {
							"vector": [0, 0, 0]
						},
						"1.0": {
							"vector": [0, 0, 0]
						},
						"1.5833": {
							"vector": [0, 1, 0]
						},
						"1.9583": {
							"vector": [0, 0, 0]
						},
						"2.25": {
							"vector": [0, 0, 0]
						},
						"2.75": {
							"vector": [0, 1, 0]
						},
						"3.125": {
							"vector": [0, 0, 0]
						},
						"3.5833": {
							"vector": [0, 0, 0]
						},
						"4.0": {
							"vector": [0, 0, 0]
						}
					}
				},
				"trumpet": {
					"rotation": {
						"vector": [-7.5, 0, 0]
					},
					"position": {
						"vector": [0, 11, 3]
					}
				}
			}
		},
		"walk": {
			"loop": true,
			"animation_length": 1,
			"bones": {
				"body": {
					"rotation": {
						"0.0": {
							"vector": [-5, 0, 0]
						},
						"0.25": {
							"vector": [-8.95052, 1.66986, -5.48587]
						},
						"0.5": {
							"vector": [-12.54624, 4.88119, -1.08482]
						},
						"0.75": {
							"vector": [-8.38381, 3.56089, 6.88376]
						},
						"1.0": {
							"vector": [-5, 0, 0]
						}
					},
					"position": {
						"0.0": {
							"vector": [0, 0, 1]
						},
						"1.0": {
							"vector": [0, 0, 1]
						}
					}
				},
				"LeftLeg": {
					"rotation": {
						"0.0": {
							"vector": [0, 0, 0]
						},
						"0.25": {
							"vector": [-7.5, 0, 0]
						},
						"0.5": {
							"vector": [0, 0, 0]
						},
						"1.0": {
							"vector": [0, 0, 0]
						}
					},
					"position": {
						"0.0": {
							"vector": [0, 0, 3]
						},
						"0.25": {
							"vector": [0, 3, 1]
						},
						"0.5": {
							"vector": [0, 0, -1]
						},
						"1.0": {
							"vector": [0, 0, 3]
						}
					}
				},
				"RightLeg": {
					"rotation": {
						"0.0": {
							"vector": [0, 0, 0]
						},
						"0.5": {
							"vector": [0, 0, 0]
						},
						"0.75": {
							"vector": [-7.5, 0, 0]
						},
						"1.0": {
							"vector": [0, 0, 0]
						}
					},
					"position": {
						"0.0": {
							"vector": [0, 0, -1]
						},
						"0.5": {
							"vector": [0, 0, 3]
						},
						"0.75": {
							"vector": [0, 3, 1]
						},
						"1.0": {
							"vector": [0, 0, -1]
						}
					}
				},
				"LeftArm": {
					"rotation": {
						"0.0": {
							"vector": [-108.07779, 14.2906, -18.80657]
						},
						"0.3333": {
							"vector": [-116.9617, 6.51834, -47.65576]
						},
						"0.7083": {
							"vector": [-114.79216, 13.55316, -25.61802]
						},
						"1.0": {
							"vector": [-108.07779, 14.2906, -18.80657]
						}
					},
					"position": {
						"0.0": {
							"vector": [0, 0, 0]
						},
						"0.3333": {
							"vector": [0, 1, 0]
						},
						"0.7083": {
							"vector": [0, 0, 0]
						},
						"1.0": {
							"vector": [0, 0, 0]
						}
					}
				},
				"RightArm": {
					"rotation": {
						"0.0": {
							"vector": [-110.00533, -28.48042, -4.35089]
						},
						"0.3333": {
							"vector": [-117.95923, -8.05881, 28.29193]
						},
						"0.7083": {
							"vector": [-107.92755, -29.4961, -4.81241]
						},
						"1.0": {
							"vector": [-110.00533, -28.48042, -4.35089]
						}
					},
					"position": {
						"0.0": {
							"vector": [0, 0, 0]
						},
						"0.3333": {
							"vector": [0, 1, 0]
						},
						"0.7083": {
							"vector": [0, 0, 0]
						},
						"1.0": {
							"vector": [0, 0, 0]
						}
					}
				},
				"trumpet": {
					"rotation": {
						"vector": [-7.5, 0, 0]
					},
					"position": {
						"vector": [0, 11, 3]
					}
				}
			}
		}
	},
	"geckolib_format_version": 2
}